{"cameraMode":{"drawMode":0,"name":"Shaded","section":"Shading Mode"},"sceneLighting":false,"audioPlay":false,"sceneViewState":{"m_AlwaysRefresh":false,"showFog":true,"showSkybox":false,"showFlares":true,"showImageEffects":true,"showParticleSystems":true,"showVisualEffectGraphs":true,"m_FxEnabled":true},"in2DMode":false,"pivot":{"x":-2.4000000953674318,"y":0.8506419658660889,"z":-2.00417160987854},"rotation":{"x":0.028990963473916055,"y":0.6587771773338318,"z":-0.02778175286948681,"w":0.7512812614440918},"size":0.6049246191978455,"orthographic":false}